Predictions,Lower Bound,Upper Bound
108.47881,107.76546,109.19217
108.422905,107.70955,109.13626
108.39967,107.68632,109.11303
108.37989,107.666534,109.09325
108.45515,107.74179,109.1685
108.46098,107.74763,109.17434
108.5402,107.82684,109.253555
108.609764,107.89641,109.32312
108.705666,107.99231,109.41902
108.799805,108.08645,109.51316
108.95277,108.23941,109.66612
109.075775,108.36242,109.78913
109.213875,108.50052,109.92723
109.35966,108.6463,110.07301
109.50822,108.79486,110.22157
