Predictions,Lower Bound,Upper Bound
89.886505,89.44749,90.32552
89.854485,89.41547,90.2935
89.77019,89.33117,90.209206
89.72518,89.28616,90.1642
89.65662,89.2176,90.095634
89.60747,89.16845,90.046486
89.54817,89.10915,89.98719
89.49889,89.059875,89.93791
89.44573,89.006714,89.88475
89.39812,88.9591,89.837135
89.3495,88.910484,89.78852
89.30428,88.865265,89.7433
89.25936,88.82034,89.69838
89.21678,88.77776,89.6558
89.175064,88.736046,89.61408
