Predictions,Lower Bound,Upper Bound
132.15048,131.19382,133.10715
131.73705,130.78038,132.69371
131.58432,130.62766,132.54099
131.56714,130.61047,132.5238
131.6458,130.68913,132.60246
131.7682,130.81154,132.72487
131.91469,130.95802,132.87135
132.07208,131.11542,133.02875
132.22993,131.27327,133.1866
132.38188,131.42522,133.33855
132.53088,131.57422,133.48755
132.67331,131.71664,133.62997
132.81308,131.85641,133.76974
132.93517,131.9785,133.89183
133.03795,132.08128,133.99461
