Predictions,Lower Bound,Upper Bound
80.36959,73.6992,87.03998
75.722404,69.05202,82.39279
73.3696,66.69921,80.039986
72.27914,65.60875,78.949524
72.680725,66.01034,79.35111
74.914215,68.24383,81.5846
76.50057,69.830185,83.17096
76.01508,69.344696,82.68547
76.26963,69.59924,82.94002
78.175285,71.5049,84.84567
79.56117,72.890785,86.23156
80.57461,73.90422,87.244995
81.34037,74.66998,88.01076
82.16879,75.498405,88.83918
83.21986,76.54947,89.89024
