Predictions,Lower Bound,Upper Bound
70.06559,62.637352,77.49383
70.50407,63.07583,77.932304
71.33654,63.908302,78.76478
72.38083,64.95259,79.80907
73.4732,66.04496,80.901436
74.55935,67.13111,81.98759
75.55912,68.13088,82.98736
76.498184,69.06995,83.92642
77.406944,69.97871,84.83518
78.192444,70.764206,85.62068
78.950226,71.52199,86.37846
79.701096,72.27286,87.12933
80.40856,72.98032,87.8368
81.0672,73.63896,88.49544
81.6737,74.24546,89.10194
