Predictions,Lower Bound,Upper Bound
62.67522,57.347256,68.00318
61.60716,56.279194,66.93512
60.55236,55.224396,65.880325
59.552532,54.224567,64.88049
58.63087,53.302906,63.958836
57.799675,52.47171,63.12764
57.063828,51.735863,62.391792
56.423397,51.095432,61.75136
55.87168,50.543716,61.199646
55.40742,50.079456,60.735386
55.0218,49.693836,60.349766
54.705708,49.377743,60.033672
54.454006,49.12604,59.78197
54.259842,48.931877,59.587807
54.115948,48.787983,59.443913
