Predictions,Lower Bound,Upper Bound
153.67975,123.061745,184.29776
156.02168,125.40368,186.6397
158.30894,127.69094,188.92696
160.66223,130.04422,191.28024
163.15852,132.54051,193.77654
165.84396,135.22595,196.46198
168.76103,138.14302,199.37904
171.94666,141.32864,202.56467
175.42465,144.80664,206.04266
179.24355,148.62553,209.86156
183.44554,152.82753,214.06355
188.08159,157.46358,218.6996
193.2287,162.61069,223.84671
198.95436,168.33635,229.57237
205.3817,174.76369,235.99971
