Predictions,Lower Bound,Upper Bound
77.64758,72.65228,82.64288
76.89759,71.9023,81.89288
76.1201,71.1248,81.1154
75.39423,70.39894,80.38953
74.783066,69.787766,79.778366
74.17498,69.17969,79.17027
73.54266,68.54736,78.537964
72.928276,67.93298,77.92357
72.34311,67.34781,77.33841
71.78521,66.78992,76.7805
71.24755,66.25226,76.24284
70.740486,65.74519,75.73578
70.26814,65.27284,75.26344
69.82215,64.82686,74.817444
69.399864,64.40457,74.39516
