Predictions,Lower Bound,Upper Bound
130.69547,121.21062,140.18031
129.67712,120.192276,139.16197
128.31378,118.82893,137.79863
126.21224,116.727394,135.6971
125.02139,115.536545,134.50624
123.73936,114.25451,133.22421
122.42094,112.93609,131.90579
121.351326,111.86648,130.83618
120.3013,110.81645,129.78615
119.3236,109.83875,128.80846
118.45227,108.96742,127.93712
117.60636,108.12151,127.09121
116.82775,107.3429,126.3126
116.10827,106.62342,125.59312
115.43462,105.949776,124.91947
