Predictions,Lower Bound,Upper Bound
137.39511,121.087166,153.70306
137.62077,121.31283,153.92871
138.64551,122.33756,154.95346
140.09781,123.78986,156.40576
141.79582,125.48788,158.10376
143.64638,127.33843,159.95432
145.60234,129.2944,161.91028
147.62964,131.32169,163.93759
149.69998,133.39203,166.00793
151.81,135.50204,168.11795
153.95738,137.64944,170.26532
156.13849,139.83054,172.44644
158.35455,142.0466,174.6625
160.60687,144.29892,176.91483
162.8995,146.59155,179.20746
