Predictions,Lower Bound,Upper Bound
101.47716,72.67376,130.28056
101.45706,72.65366,130.26047
104.28064,75.47724,133.08405
108.3425,79.5391,137.1459
112.809814,84.00642,141.61322
117.24571,88.442314,146.04912
121.23093,92.42753,150.03433
124.73618,95.932785,153.53958
128.29141,99.488014,157.09482
131.5442,102.74081,160.34761
134.61748,105.81408,163.42088
137.50497,108.70158,166.30838
140.18121,111.377815,168.98462
142.62234,113.81895,171.42575
144.90292,116.099525,173.70633
