Predictions,Lower Bound,Upper Bound
124.837906,115.78517,133.89064
129.40488,120.35214,138.45761
132.28903,123.2363,141.34177
134.24263,125.189896,143.29536
135.67871,126.62598,144.73145
136.81146,127.75873,145.8642
137.72905,128.67632,146.78178
138.468,129.41527,147.52074
139.02048,129.96774,148.07321
139.53589,130.48315,148.58862
139.91478,130.86205,148.96751
140.31145,131.25871,149.36418
140.70895,131.65622,149.76169
141.10545,132.05272,150.15819
141.50833,132.4556,150.56107
