Predictions,Lower Bound,Upper Bound
143.08409,122.2161,163.95209
141.61182,120.74383,162.47981
142.73398,121.86599,163.60197
145.02353,124.15554,165.89153
147.84122,126.97323,168.70921
150.8468,129.9788,171.7148
153.81113,132.94313,174.67912
156.52487,135.65688,177.39287
159.27505,138.40706,180.14305
162.07993,141.21193,182.94792
164.55229,143.6843,185.42029
166.82385,145.95586,187.69185
169.03206,148.16406,189.90005
171.19832,150.33032,192.06631
173.23283,152.36484,194.10083
