Predictions,Lower Bound,Upper Bound
89.74098,86.24884,93.23312
89.00031,85.50816,92.49246
88.72975,85.23761,92.22189
88.739746,85.247604,92.23189
88.934586,85.442444,92.42673
89.24192,85.74977,92.73407
89.609436,86.117294,93.10158
90.2537,86.76155,93.74585
90.88454,87.392395,94.37668
91.49776,88.005615,94.9899
91.853905,88.361755,95.346054
92.43704,88.9449,95.929184
92.99581,89.50366,96.48796
93.53235,90.04021,97.02449
94.04772,90.55557,97.53987
