Predictions,Lower Bound,Upper Bound
91.386185,89.72377,93.0486
91.7848,90.12238,93.44721
91.89328,90.230865,93.555695
91.82191,90.15949,93.48432
91.682274,90.01986,93.34469
91.49619,89.83378,93.15861
91.278336,89.61592,92.94075
91.03535,89.37293,92.69776
90.80109,89.13867,92.4635
90.46239,88.79997,92.1248
90.15758,88.49516,91.81999
89.98257,88.32015,91.64498
89.78507,88.12266,91.44749
89.58837,87.92596,91.250786
89.3799,87.71748,91.04231
