Predictions,Lower Bound,Upper Bound
78.09138,58.67517,97.50758
78.87682,59.460617,98.29303
80.512436,61.09623,99.92864
82.642746,63.22654,102.05895
85.19233,65.77612,104.608536
87.825325,68.40912,107.24153
90.5295,71.1133,109.94571
93.21695,73.80074,112.633156
95.7363,76.32009,115.152504
98.12101,78.7048,117.53722
100.354385,80.93818,119.77059
102.431595,83.01539,121.8478
104.3464,84.93019,123.7626
106.106834,86.69063,125.52304
107.71773,88.30152,127.133934
