Predictions,Lower Bound,Upper Bound
315.00842,230.3186,399.69824
307.429,222.73917,392.1188
291.55273,206.86292,376.24255
280.93744,196.24762,365.62726
267.37332,182.6835,352.06314
256.09204,171.40222,340.78186
244.14919,159.45938,328.839
233.53975,148.84995,318.22955
223.32996,138.64014,308.01978
214.20831,129.5185,298.89813
205.87218,121.182365,290.56198
198.51881,113.829,283.20862
192.01378,107.32397,276.70358
186.36743,101.67762,271.05725
181.482,96.79218,266.1718
