Predictions,Lower Bound,Upper Bound
108.20247,99.98649,116.41845
107.517525,99.301544,115.733505
106.214035,97.998055,114.430016
105.316055,97.100075,113.532036
104.20951,95.99353,112.42549
103.26275,95.04677,111.47873
102.22987,94.01389,110.445854
101.2666,93.05062,109.48258
100.28029,92.06431,108.49627
99.331406,91.115425,107.547386
98.38582,90.16984,106.6018
97.46744,89.25146,105.68342
96.56425,88.34827,104.78023
95.686005,87.470024,103.901985
94.82889,86.61291,103.04487
